<?xml version="1.0" encoding="UTF-8"?>
<project xmlns:xsi="http://www.w3.org/2001/XMLSchema-instance" uuid="9f0cf7bf-3a43-4eaf-98ca-8772f0d374b3" xsi:noNamespaceSchemaLocation="http://www.jetbrains.com/teamcity/schemas/2018.1/project-config.xsd">
  <name>BeamtimeDaqAccess</name>
  <parameters />
  <project-extensions>
    <extension id="PROJECT_EXT_3" type="ReportTab">
      <parameters>
        <param name="startPage" value="coverage_report/index.html" />
        <param name="title" value="Code Coverage" />
        <param name="type" value="BuildReportTab" />
      </parameters>
    </extension>
  </project-extensions>
  <cleanup>
    <policy type="builds" cleanup-level="EVERYTHING">
      <parameters>
        <param name="keepBuilds.count" value="10" />
      </parameters>
    </policy>
    <options>
      <option name="preventDependenciesArtifactsFromCleanup" value="false" />
    </options>
  </cleanup>
  <subprojectsOrder order="BeamtimeDaqAccess_BuildDockerImage,BeamtimeDaqAccess_TestSources,BeamtimeDaqAccess_CreateCondaPackages,BeamtimeDaqAccess_UploadPackages,BeamtimeDaqAccess_ConversionToWin64,BeamtimeDaqAccess_UpdateCondaRepository" />
</project>

