<?xml version="1.0" encoding="UTF-8"?>
<build-type xmlns:xsi="http://www.w3.org/2001/XMLSchema-instance" uuid="48f8c1e1-9192-42bb-879c-fd588a287021" xsi:noNamespaceSchemaLocation="http://www.jetbrains.com/teamcity/schemas/2018.1/project-config.xsd">
  <name>Python 3.6</name>
  <description />
  <settings>
    <options>
      <option name="buildNumberPattern" value="%dep.BeamtimeDaqAccess_BuildDockerImage_CommonBaseImage.build.number%" />
    </options>
    <parameters />
    <build-runners>
      <runner id="RUNNER_64" name="Run testsuite for installation" type="simpleRunner">
        <parameters>
          <param name="script.content"><![CDATA[docker run --rm -e TEAMCITY_VERSION=True image_btda \
"source activate python36 &&
 conda install beamtimedaqaccess &&
 ./run_tests_for installation
"]]></param>
          <param name="teamcity.step.mode" value="default" />
          <param name="use.custom.script" value="true" />
        </parameters>
      </runner>
    </build-runners>
    <vcs-settings />
    <requirements />
    <build-triggers>
      <build-trigger id="TRIGGER_19" type="buildDependencyTrigger">
        <parameters>
          <param name="branchFilter" value="+:&lt;default&gt;" />
          <param name="dependsOn" value="BeamtimeDaqAccess_BuildDockerImage_CommonBaseImage" />
        </parameters>
      </build-trigger>
    </build-triggers>
    <dependencies>
      <depend-on sourceBuildTypeId="BeamtimeDaqAccess_UpdateCondaRepository_UpdateRepository">
        <options>
          <option name="take-started-build-with-same-revisions" value="true" />
          <option name="take-successful-builds-only" value="true" />
        </options>
      </depend-on>
    </dependencies>
    <cleanup />
  </settings>
</build-type>

