<?xml version="1.0" encoding="UTF-8"?>
<build-type xmlns:xsi="http://www.w3.org/2001/XMLSchema-instance" uuid="f258fc52-091c-4924-9a4e-36fa07a83d39" xsi:noNamespaceSchemaLocation="http://www.jetbrains.com/teamcity/schemas/2018.1/project-config.xsd">
  <name>Python 3.7</name>
  <description />
  <settings>
    <options>
      <option name="artifactRules" value="/home/cbehrens/macOS/miniconda3/envs/python37/conda-bld/osx-64/pydoocs*py37_%build.number%.tar.bz2 =&gt; packages" />
      <option name="buildNumberPattern" value="%dep.Pydoocs_Pydoocslib_MacOS_BuildSetup_CommonBaseSetup.build.number%" />
    </options>
    <parameters />
    <build-runners>
      <runner id="RUNNER_2" name="Create package" type="simpleRunner">
        <parameters>
          <param name="script.content"><![CDATA[export PY_VERSION=python3
source activate python37
if [ $CONDA_PROMPT_MODIFIER != "(python37)" ]; then exit 1; fi
python setup.py bdist_conda --buildnum %build.number%]]></param>
          <param name="teamcity.step.mode" value="default" />
          <param name="use.custom.script" value="true" />
        </parameters>
      </runner>
    </build-runners>
    <vcs-settings>
      <vcs-entry-ref root-id="Pydoocs_Pydoocslib_HttpsGithubComChrisbpointPydoocsRefsHeadsMaster" />
    </vcs-settings>
    <requirements />
    <build-triggers>
      <build-trigger id="TRIGGER_43" type="buildDependencyTrigger">
        <parameters>
          <param name="branchFilter" value="+:&lt;default&gt;" />
          <param name="dependsOn" value="Pydoocs_Pydoocslib_Linux_UpdateCondaRepository_UpdateRepository" />
        </parameters>
      </build-trigger>
    </build-triggers>
    <artifact-dependencies>
      <dependency id="ARTIFACT_DEPENDENCY_5" sourceBuildTypeId="Pydoocs_Clientlib_MacOS" cleanDestination="true">
        <revisionRule name="lastSuccessful" revision="latest.lastSuccessful" />
        <artifact sourcePath="clientlib =&gt; clientlib&#xD;&#xA;doocslibs =&gt; doocslibs" />
      </dependency>
    </artifact-dependencies>
    <dependencies>
      <depend-on sourceBuildTypeId="Pydoocs_Pydoocslib_MacOS_BuildSetup_CommonBaseSetup">
        <options>
          <option name="take-started-build-with-same-revisions" value="true" />
          <option name="take-successful-builds-only" value="true" />
        </options>
      </depend-on>
      <depend-on sourceBuildTypeId="Pydoocs_Pydoocslib_Linux_UpdateCondaRepository_UpdateRepository">
        <options>
          <option name="take-started-build-with-same-revisions" value="true" />
          <option name="take-successful-builds-only" value="true" />
        </options>
      </depend-on>
    </dependencies>
    <cleanup />
  </settings>
</build-type>

