<?xml version="1.0" encoding="UTF-8"?>
<build-type xmlns:xsi="http://www.w3.org/2001/XMLSchema-instance" uuid="2fd49e1c-c017-4293-bc1b-f8e7c21992b8" xsi:noNamespaceSchemaLocation="http://www.jetbrains.com/teamcity/schemas/2018.1/project-config.xsd">
  <name>Update repository</name>
  <description />
  <settings>
    <options>
      <option name="buildNumberPattern" value="%dep.BeamtimeDaqAccess_BuildDockerImage_CommonBaseImage.build.number%" />
      <option name="shouldFailBuildOnAnyErrorMessage" value="true" />
    </options>
    <parameters />
    <build-runners>
      <runner id="RUNNER_45" name="Update flashconda" type="ssh-exec-runner">
        <parameters>
          <param name="jetbrains.buildServer.deployer.targetUrl" value="bastion.desy.de" />
          <param name="jetbrains.buildServer.deployer.username" value="cbehrens" />
          <param name="jetbrains.buildServer.sshexec.authMethod" value="PWD" />
          <param name="jetbrains.buildServer.sshexec.command" value="~/miniconda3/bin/conda-index /afs/desy.de/user/w/wwwuser/www/flashconda/" />
          <param name="secure:jetbrains.buildServer.deployer.password" value="zxx4e97c6b34999091379fc63cb306c4410" />
          <param name="teamcity.step.mode" value="default" />
        </parameters>
      </runner>
    </build-runners>
    <vcs-settings />
    <requirements />
    <build-triggers>
      <build-trigger id="TRIGGER_13" type="buildDependencyTrigger">
        <parameters>
          <param name="branchFilter" value="+:&lt;default&gt;" />
          <param name="dependsOn" value="BeamtimeDaqAccess_BuildDockerImage_CommonBaseImage" />
        </parameters>
      </build-trigger>
    </build-triggers>
    <dependencies>
      <depend-on sourceBuildTypeId="BeamtimeDaqAccess_ConversionToWin64packages_ConvertPackages">
        <options>
          <option name="take-started-build-with-same-revisions" value="true" />
          <option name="take-successful-builds-only" value="true" />
        </options>
      </depend-on>
      <depend-on sourceBuildTypeId="BeamtimeDaqAccess_ConversionToWin64_Python35">
        <options>
          <option name="take-started-build-with-same-revisions" value="true" />
          <option name="take-successful-builds-only" value="true" />
        </options>
      </depend-on>
      <depend-on sourceBuildTypeId="BeamtimeDaqAccess_ConversionToWin64_Python36">
        <options>
          <option name="take-started-build-with-same-revisions" value="true" />
          <option name="take-successful-builds-only" value="true" />
        </options>
      </depend-on>
      <depend-on sourceBuildTypeId="BeamtimeDaqAccess_ConversionToWin64_Python37">
        <options>
          <option name="take-started-build-with-same-revisions" value="true" />
          <option name="take-successful-builds-only" value="true" />
        </options>
      </depend-on>
    </dependencies>
    <cleanup />
  </settings>
</build-type>

