<?xml version="1.0" encoding="UTF-8"?>
<build-type xmlns:xsi="http://www.w3.org/2001/XMLSchema-instance" uuid="2f4bd30a-eccf-4c89-9137-a300601b5e60" xsi:noNamespaceSchemaLocation="http://www.jetbrains.com/teamcity/schemas/2018.1/project-config.xsd">
  <name>Build clientlib</name>
  <description />
  <settings>
    <options>
      <option name="artifactRules" value="libDOOCSapi.a =&gt; doocslibs&#xA;libgul.a =&gt; doocslibs&#xA;clientlib/*.h =&gt; clientlib" />
    </options>
    <parameters />
    <build-runners>
      <runner id="RUNNER_77" name="Build docker image" type="DockerCommand">
        <parameters>
          <param name="command.args" value="--pull --no-cache" />
          <param name="docker.command.type" value="build" />
          <param name="docker.image.namesAndTags" value="image_clientlib" />
          <param name="docker.push.remove.image" value="true" />
          <param name="dockerfile.path" value="Pydoocs/Clientlib/Dockerfile" />
          <param name="dockerfile.source" value="PATH" />
          <param name="teamcity.step.mode" value="default" />
        </parameters>
      </runner>
      <runner id="RUNNER_78" name="Retrieve built libraries" type="simpleRunner">
        <parameters>
          <param name="script.content"><![CDATA[docker create -ti --name libs image_clientlib
docker cp libs:/doocs/Ubuntu-18.04-x86_64/lib/libDOOCSapi.a .
docker cp libs:/doocs/Ubuntu-18.04-x86_64/lib/libgul.a .
docker cp libs:/doocs/library/common/clientlib .
docker rm -fv libs]]></param>
          <param name="teamcity.step.mode" value="default" />
          <param name="use.custom.script" value="true" />
        </parameters>
      </runner>
    </build-runners>
    <vcs-settings>
      <vcs-entry-ref root-id="Pydoocs_TeamCityProduction_HttpsGithubComChrisbpointTeamCityProductionRefsHeadsM" />
    </vcs-settings>
    <requirements />
    <build-triggers />
    <cleanup>
      <policy type="builds" cleanup-level="EVERYTHING">
        <parameters>
          <param name="keepBuilds.count" value="10" />
        </parameters>
      </policy>
    </cleanup>
  </settings>
</build-type>

