<?xml version="1.0" encoding="UTF-8"?>
<build-type xmlns:xsi="http://www.w3.org/2001/XMLSchema-instance" uuid="a2ee9842-d6ba-4aeb-a499-d0d19a63c5d4" xsi:noNamespaceSchemaLocation="http://www.jetbrains.com/teamcity/schemas/2018.1/project-config.xsd">
  <name>Python3 code</name>
  <description />
  <settings>
    <options>
      <option name="buildNumberPattern" value="%dep.Pydoocs_Pydoocslib_Linux_BuildDockerImage_CommonBaseImage.build.number%" />
    </options>
    <parameters />
    <build-runners>
      <runner id="RUNNER_21" name="Static code analysis with cpplint" type="simpleRunner">
        <parameters>
          <param name="script.content"><![CDATA[docker run --rm -v $PWD/cpplint_report:/workdir/cpplint_report image_pydoocs \
"
cpplint --root . --output=junit python3/include/* 2> cpplint_report/python3_include_report.xml
cpplint --root . --extensions=cc,tcc --output=junit python3/src/* 2> cpplint_report/python3_src_report.xml
"
exit 0]]></param>
          <param name="teamcity.step.mode" value="default" />
          <param name="use.custom.script" value="true" />
        </parameters>
      </runner>
    </build-runners>
    <vcs-settings />
    <requirements />
    <build-triggers>
      <build-trigger id="TRIGGER_27" type="buildDependencyTrigger">
        <parameters>
          <param name="branchFilter" value="+:&lt;default&gt;" />
          <param name="dependsOn" value="Pydoocs_Pydoocslib_Linux_BuildDockerImage_CommonBaseImage" />
        </parameters>
      </build-trigger>
    </build-triggers>
    <build-extensions>
      <extension id="BUILD_EXT_2" type="xml-report-plugin">
        <parameters>
          <param name="xmlReportParsing.reportDirs" value="cpplint_report/python3*.xml" />
          <param name="xmlReportParsing.reportType" value="junit" />
        </parameters>
      </extension>
    </build-extensions>
    <dependencies>
      <depend-on sourceBuildTypeId="Pydoocs_Pydoocslib_Linux_BuildDockerImage_CommonBaseImage">
        <options>
          <option name="take-started-build-with-same-revisions" value="true" />
          <option name="take-successful-builds-only" value="true" />
        </options>
      </depend-on>
    </dependencies>
    <cleanup />
  </settings>
</build-type>

