<?xml version="1.0" encoding="UTF-8"?>
<build-type xmlns:xsi="http://www.w3.org/2001/XMLSchema-instance" uuid="4ad71728-1d23-4162-a881-60e51bf1c272" xsi:noNamespaceSchemaLocation="http://www.jetbrains.com/teamcity/schemas/2018.1/project-config.xsd">
  <name>Python 3.5</name>
  <description />
  <settings>
    <options>
      <option name="artifactRules" value="build/pydoocs.so =&gt; build" />
      <option name="buildNumberPattern" value="%dep.Pydoocs_Pydoocslib_BuildDockerImage_CommonBaseImage.build.number%" />
    </options>
    <parameters />
    <build-runners>
      <runner id="RUNNER_9" name="Build pydoocs" type="simpleRunner">
        <parameters>
          <param name="script.content"><![CDATA[CONDA_PREFIX=/opt/conda/envs/python35
docker run --rm -v $PWD/clientlib:/workdir/clientlib -v $PWD/doocslibs:/workdir/doocslibs -v $PWD/build:/workdir/build image_pydoocs \
"cd build &&
 cmake .. -DVERSION=python3 -DPYTHON_INCLUDE_DIR=$CONDA_PREFIX/include/python3.5m/ -DNUMPY_INCLUDE_DIR=$CONDA_PREFIX/lib/python3.5/site-packages/numpy/core/include/ &&
 make
"]]></param>
          <param name="teamcity.step.mode" value="default" />
          <param name="use.custom.script" value="true" />
        </parameters>
      </runner>
    </build-runners>
    <vcs-settings />
    <requirements />
    <build-triggers>
      <build-trigger id="TRIGGER_24" type="buildDependencyTrigger">
        <parameters>
          <param name="branchFilter" value="+:&lt;default&gt;" />
          <param name="dependsOn" value="Pydoocs_Pydoocslib_BuildDockerImage_CommonBaseImage" />
        </parameters>
      </build-trigger>
    </build-triggers>
    <artifact-dependencies>
      <dependency id="ARTIFACT_DEPENDENCY_7" sourceBuildTypeId="Pydoocs_Clientlib_BuildClientlib" cleanDestination="true">
        <revisionRule name="lastSuccessful" revision="latest.lastSuccessful" />
        <artifact sourcePath="clientlib =&gt; clientlib&#xD;&#xA;doocslibs =&gt; doocslibs" />
      </dependency>
    </artifact-dependencies>
    <dependencies>
      <depend-on sourceBuildTypeId="Pydoocs_Pydoocslib_StaticCodeAnalysis_Python2code">
        <options>
          <option name="take-started-build-with-same-revisions" value="true" />
          <option name="take-successful-builds-only" value="true" />
        </options>
      </depend-on>
      <depend-on sourceBuildTypeId="Pydoocs_Pydoocslib_StaticCodeAnalysis_Python3code">
        <options>
          <option name="take-started-build-with-same-revisions" value="true" />
          <option name="take-successful-builds-only" value="true" />
        </options>
      </depend-on>
    </dependencies>
    <cleanup />
  </settings>
</build-type>

