<?xml version="1.0" encoding="UTF-8"?>
<build-type xmlns:xsi="http://www.w3.org/2001/XMLSchema-instance" uuid="1156fed5-b32a-481c-a14b-97763fbaef8e" xsi:noNamespaceSchemaLocation="http://www.jetbrains.com/teamcity/schemas/2018.1/project-config.xsd">
  <name>MacOS</name>
  <description />
  <settings>
    <options>
      <option name="artifactRules" value="doocs/Darwin-x86_64/lib/libDOOCSapi.a =&gt; doocslibs&#xA;doocs/Darwin-x86_64/lib/libgul.a =&gt; doocslibs&#xA;doocs/library/common/clientlib/*.h =&gt; clientlib" />
      <option name="buildNumberPattern" value="%dep.Pydoocs_Clientlib_Linux.build.number%" />
    </options>
    <parameters />
    <build-runners>
      <runner id="RUNNER_1" name="Build libraries" type="simpleRunner">
        <parameters>
          <param name="script.content" value="./Pydoocs/Clientlib/build_clientlib.sh" />
          <param name="teamcity.step.mode" value="default" />
          <param name="use.custom.script" value="true" />
        </parameters>
      </runner>
    </build-runners>
    <vcs-settings>
      <vcs-entry-ref root-id="Pydoocs_TeamCityProduction_HttpsGithubComChrisbpointTeamCityProductionRefsHeadsM" />
    </vcs-settings>
    <requirements />
    <build-triggers>
      <build-trigger id="TRIGGER_44" type="buildDependencyTrigger">
        <parameters>
          <param name="branchFilter" value="+:&lt;default&gt;" />
          <param name="dependsOn" value="Pydoocs_Clientlib_Linux" />
        </parameters>
      </build-trigger>
    </build-triggers>
    <dependencies>
      <depend-on sourceBuildTypeId="Pydoocs_Clientlib_Linux">
        <options>
          <option name="take-started-build-with-same-revisions" value="true" />
          <option name="take-successful-builds-only" value="true" />
        </options>
      </depend-on>
    </dependencies>
    <cleanup />
  </settings>
</build-type>

