<root>
  <page path="/agentDetails.html">
    <usage userId="1" timestamp="1557143136257" />
  </page>
  <page path="/projectHealthStatusItems.html">
    <usage userId="1" timestamp="1557142804807" />
  </page>
  <page path="/viewLog.html?tab=buildLog">
    <usage userId="1" timestamp="1556277437451" />
  </page>
  <page path="/limitedPendingChangesLink.html">
    <usage userId="1" timestamp="1557142798381" />
  </page>
  <page path="/viewLog.html?tab=buildResultsDiv">
    <usage userId="1" timestamp="1556277466583" />
  </page>
  <page path="/agentpushInstall.html">
    <usage userId="1" timestamp="1557142861773" />
  </page>
  <page path="/agents.html">
    <usage userId="1" timestamp="1557142929099" />
  </page>
  <page path="/viewQueued.html">
    <usage userId="1" timestamp="1556275808489" />
  </page>
  <page path="/agents.html?tab=disconnectedAgents">
    <usage userId="1" timestamp="1557142845187" />
  </page>
  <page path="/admin/editProject.html">
    <usage userId="1" timestamp="1557142824601" />
  </page>
  <page path="/changesLink.html">
    <usage userId="1" timestamp="1557142798221" />
  </page>
  <page path="/agents.html?tab=registeredAgents">
    <usage userId="1" timestamp="1557143092149" />
  </page>
  <page path="/admin/update.html">
    <usage userId="1" timestamp="1557143181656" />
  </page>
  <page path="/viewType.html">
    <usage userId="1" timestamp="1556277431114" />
  </page>
  <page path="/admin/admin.html">
    <usage userId="1" timestamp="1557143142678" />
  </page>
  <page path="/">
    <usage userId="1" timestamp="1557142827628" />
  </page>
  <page path="/agents.html?tab=agent.push">
    <usage userId="1" timestamp="1557143090278" />
  </page>
  <page path="/project.html?tab=projectOverview">
    <usage userId="1" timestamp="1557142803526" />
  </page>
  <page path="/admin/editBuild.html">
    <usage userId="1" timestamp="1556275803235" />
  </page>
  <page path="/profile.html">
    <usage userId="1" timestamp="1557142676192" />
  </page>
  <page path="/admin/buildTypeHealthStatusItems.html">
    <usage userId="1" timestamp="1556275804639" />
  </page>
  <page path="/viewLog.html">
    <usage userId="1" timestamp="1556275810303" />
  </page>
  <page path="/admin/projectHealthStatusItems.html">
    <usage userId="1" timestamp="1557142825547" />
  </page>
  <page path="/agents.html?tab=unregisteredAgents">
    <usage userId="1" timestamp="1557143093475" />
  </page>
  <page path="/buildTypeHealthStatusItems.html">
    <usage userId="1" timestamp="1556277432176" />
  </page>
</root>