<?xml version="1.0" encoding="UTF-8"?>
<build-type xmlns:xsi="http://www.w3.org/2001/XMLSchema-instance" uuid="33cd9597-aedf-407d-8efd-4332aff74a89" xsi:noNamespaceSchemaLocation="http://www.jetbrains.com/teamcity/schemas/2018.1/project-config.xsd">
  <name>Python 3.7</name>
  <description />
  <settings>
    <options>
      <option name="artifactRules" value="conda/beamtimedaqaccess*py37_%build.number%.tar.bz2 =&gt; packages" />
      <option name="buildNumberPattern" value="%dep.BeamtimeDaqAccess_BuildDockerImage_CommonBaseImage.build.number%" />
    </options>
    <parameters />
    <build-runners>
      <runner id="RUNNER_28" name="Create package" type="simpleRunner">
        <parameters>
          <param name="script.content"><![CDATA[docker run --rm -v $PWD/conda:/opt/conda/envs/python37/conda-bld/linux-64/ image_btda \
"source activate python37 &&
 python setup.py bdist_conda --buildnum %build.number%"]]></param>
          <param name="teamcity.step.mode" value="default" />
          <param name="use.custom.script" value="true" />
        </parameters>
      </runner>
    </build-runners>
    <vcs-settings />
    <requirements />
    <build-triggers>
      <build-trigger id="TRIGGER_5" type="buildDependencyTrigger">
        <parameters>
          <param name="branchFilter" value="+:&lt;default&gt;" />
          <param name="dependsOn" value="BeamtimeDaqAccess_BuildDockerImage_CommonBaseImage" />
        </parameters>
      </build-trigger>
    </build-triggers>
    <dependencies>
      <depend-on sourceBuildTypeId="BeamtimeDaqAccess_TestSources_Python27">
        <options>
          <option name="take-started-build-with-same-revisions" value="true" />
          <option name="take-successful-builds-only" value="true" />
        </options>
      </depend-on>
      <depend-on sourceBuildTypeId="BeamtimeDaqAccess_TestSources_Python35">
        <options>
          <option name="take-started-build-with-same-revisions" value="true" />
          <option name="take-successful-builds-only" value="true" />
        </options>
      </depend-on>
      <depend-on sourceBuildTypeId="BeamtimeDaqAccess_TestSources_Python36">
        <options>
          <option name="take-started-build-with-same-revisions" value="true" />
          <option name="take-successful-builds-only" value="true" />
        </options>
      </depend-on>
      <depend-on sourceBuildTypeId="BeamtimeDaqAccess_TestSources_Python37">
        <options>
          <option name="take-started-build-with-same-revisions" value="true" />
          <option name="take-successful-builds-only" value="true" />
        </options>
      </depend-on>
    </dependencies>
    <cleanup />
  </settings>
</build-type>

