<?xml version="1.0" encoding="UTF-8"?>
<build-type xmlns:xsi="http://www.w3.org/2001/XMLSchema-instance" uuid="4c7214d0-3a6e-4a39-9bb0-ad94fc07161d" xsi:noNamespaceSchemaLocation="http://www.jetbrains.com/teamcity/schemas/2018.1/project-config.xsd">
  <name>Python 3.6</name>
  <description />
  <settings>
    <options>
      <option name="artifactRules" value="conda/pydoocs*py36_%build.number%.tar.bz2 =&gt; packages" />
      <option name="buildNumberPattern" value="%dep.Pydoocs_Pydoocslib_Linux_BuildDockerImage_CommonBaseImage.build.number%" />
    </options>
    <parameters />
    <build-runners>
      <runner id="RUNNER_37" name="Create package" type="simpleRunner">
        <parameters>
          <param name="script.content"><![CDATA[docker run --rm -e PY_VERSION=python3 -v $PWD/conda:/opt/conda/envs/python36/conda-bld/linux-64/ -v $PWD/clientlib:/workdir/clientlib -v $PWD/doocslibs:/workdir/doocslibs image_pydoocs \
"source activate python36 &&
 python setup.py bdist_conda --buildnum %build.number%"]]></param>
          <param name="teamcity.step.mode" value="default" />
          <param name="use.custom.script" value="true" />
        </parameters>
      </runner>
    </build-runners>
    <vcs-settings />
    <requirements />
    <build-triggers>
      <build-trigger id="TRIGGER_32" type="buildDependencyTrigger">
        <parameters>
          <param name="branchFilter" value="+:&lt;default&gt;" />
          <param name="dependsOn" value="Pydoocs_Pydoocslib_Linux_BuildDockerImage_CommonBaseImage" />
        </parameters>
      </build-trigger>
    </build-triggers>
    <artifact-dependencies>
      <dependency id="ARTIFACT_DEPENDENCY_17" sourceBuildTypeId="Pydoocs_Clientlib_Linux" cleanDestination="true">
        <revisionRule name="lastSuccessful" revision="latest.lastSuccessful" />
        <artifact sourcePath="clientlib =&gt; clientlib&#xD;&#xA;doocslibs =&gt; doocslibs" />
      </dependency>
    </artifact-dependencies>
    <dependencies>
      <depend-on sourceBuildTypeId="Pydoocs_Pydoocslib_Linux_TestSources_Python27">
        <options>
          <option name="take-started-build-with-same-revisions" value="true" />
          <option name="take-successful-builds-only" value="true" />
        </options>
      </depend-on>
      <depend-on sourceBuildTypeId="Pydoocs_Pydoocslib_Linux_TestSources_Python35">
        <options>
          <option name="take-started-build-with-same-revisions" value="true" />
          <option name="take-successful-builds-only" value="true" />
        </options>
      </depend-on>
      <depend-on sourceBuildTypeId="Pydoocs_Pydoocslib_Linux_TestSources_Python36">
        <options>
          <option name="take-started-build-with-same-revisions" value="true" />
          <option name="take-successful-builds-only" value="true" />
        </options>
      </depend-on>
      <depend-on sourceBuildTypeId="Pydoocs_Pydoocslib_Linux_TestSources_Python37">
        <options>
          <option name="take-started-build-with-same-revisions" value="true" />
          <option name="take-successful-builds-only" value="true" />
        </options>
      </depend-on>
    </dependencies>
    <cleanup />
  </settings>
</build-type>

