<?xml version="1.0" encoding="UTF-8"?>
<project xmlns:xsi="http://www.w3.org/2001/XMLSchema-instance" parent-id="Pydoocs_Pydoocslib_Linux" uuid="cf51e6a7-dd7e-461d-b148-4b25c9ff13a6" xsi:noNamespaceSchemaLocation="http://www.jetbrains.com/teamcity/schemas/2018.1/project-config.xsd">
  <name>Create conda packages</name>
  <parameters />
  <cleanup>
    <policy type="builds" cleanup-level="EVERYTHING">
      <parameters>
        <param name="keepBuilds.count" value="3" />
      </parameters>
    </policy>
  </cleanup>
</project>

