<?xml version="1.0" encoding="UTF-8"?>
<build-type xmlns:xsi="http://www.w3.org/2001/XMLSchema-instance" uuid="fbe120ee-436e-42f1-870c-ae200c49e65e" xsi:noNamespaceSchemaLocation="http://www.jetbrains.com/teamcity/schemas/2018.1/project-config.xsd">
  <name>Python 3.5</name>
  <description />
  <settings>
    <options>
      <option name="artifactRules" value="htmlcov =&gt; coverage_report" />
      <option name="buildNumberPattern" value="%dep.BeamtimeDaqAccess_BuildDockerImage_CommonBaseImage.build.number%" />
      <option name="showDependenciesChanges" value="true" />
    </options>
    <parameters />
    <build-runners>
      <runner id="RUNNER_25" name="Run testsuite with generation of test coverage" type="simpleRunner">
        <parameters>
          <param name="script.content"><![CDATA[docker run --rm -e TEAMCITY_VERSION=True -v $PWD/htmlcov:/htmlcov image_btda \
"source activate python35 &&
 coverage run --source=src run_tests_for source;
 coverage html
"]]></param>
          <param name="teamcity.step.mode" value="default" />
          <param name="use.custom.script" value="true" />
        </parameters>
      </runner>
    </build-runners>
    <vcs-settings />
    <requirements />
    <build-triggers>
      <build-trigger id="TRIGGER_2" type="buildDependencyTrigger">
        <parameters>
          <param name="branchFilter" value="+:&lt;default&gt;" />
          <param name="dependsOn" value="BeamtimeDaqAccess_BuildDockerImage_CommonBaseImage" />
        </parameters>
      </build-trigger>
    </build-triggers>
    <dependencies>
      <depend-on sourceBuildTypeId="BeamtimeDaqAccess_BuildDockerImage_CommonBaseImage">
        <options>
          <option name="take-started-build-with-same-revisions" value="true" />
          <option name="take-successful-builds-only" value="true" />
        </options>
      </depend-on>
    </dependencies>
    <cleanup />
  </settings>
</build-type>

