<?xml version="1.0" encoding="UTF-8"?>
<build-type xmlns:xsi="http://www.w3.org/2001/XMLSchema-instance" uuid="f307a6b7-7a96-465d-8ac0-a29d6a8ae380" xsi:noNamespaceSchemaLocation="http://www.jetbrains.com/teamcity/schemas/2018.1/project-config.xsd">
  <name>Common base image</name>
  <description />
  <settings>
    <parameters />
    <build-runners>
      <runner id="RUNNER_82" name="Build docker image" type="DockerCommand">
        <parameters>
          <param name="command.args" value="--pull" />
          <param name="docker.command.type" value="build" />
          <param name="docker.image.namesAndTags" value="image_pydoocs" />
          <param name="docker.push.remove.image" value="true" />
          <param name="dockerfile.path" value="Dockerfile" />
          <param name="dockerfile.source" value="PATH" />
          <param name="teamcity.step.mode" value="default" />
        </parameters>
      </runner>
    </build-runners>
    <vcs-settings>
      <vcs-entry-ref root-id="Pydoocs_Pydoocslib_HttpsGithubComChrisbpointPydoocsRefsHeadsMaster" />
    </vcs-settings>
    <requirements />
    <build-triggers>
      <build-trigger id="vcsTrigger" type="vcsTrigger">
        <parameters>
          <param name="branchFilter" value="+:*" />
          <param name="enableQueueOptimization" value="true" />
          <param name="quietPeriodMode" value="DO_NOT_USE" />
        </parameters>
      </build-trigger>
    </build-triggers>
    <artifact-dependencies>
      <dependency id="ARTIFACT_DEPENDENCY_9" sourceBuildTypeId="Pydoocs_Clientlib_BuildClientlib" cleanDestination="false">
        <revisionRule name="lastSuccessful" revision="latest.lastSuccessful" />
        <artifact sourcePath="doocslibs =&gt; doocslibs&#xD;&#xA;clientlib =&gt; clientlib" />
      </dependency>
    </artifact-dependencies>
    <cleanup />
  </settings>
</build-type>

