<?xml version="1.0" encoding="UTF-8"?>
<project xmlns:xsi="http://www.w3.org/2001/XMLSchema-instance" parent-id="Pydoocs_Pydoocslib_Linux" uuid="c474807f-5e2c-4dda-b677-8b7e08c638a9" xsi:noNamespaceSchemaLocation="http://www.jetbrains.com/teamcity/schemas/2018.1/project-config.xsd">
  <name>Build pydoocslib</name>
  <parameters />
  <cleanup>
    <policy type="builds" cleanup-level="ARTIFACTS">
      <parameters>
        <param name="artifactPatterns" value="build/pydoocs.so" />
        <param name="keepBuilds.count" value="3" />
      </parameters>
    </policy>
  </cleanup>
</project>

