<?xml version="1.0" encoding="UTF-8"?>
<build-type xmlns:xsi="http://www.w3.org/2001/XMLSchema-instance" uuid="d35589f1-08d0-449f-b45b-e276894af9ad" xsi:noNamespaceSchemaLocation="http://www.jetbrains.com/teamcity/schemas/2018.1/project-config.xsd">
  <name>Python 3.7</name>
  <description />
  <settings>
    <options>
      <option name="buildNumberPattern" value="%dep.BeamtimeDaqAccess_BuildDockerImage_CommonBaseImage.build.number%" />
    </options>
    <parameters />
    <build-runners>
      <runner id="RUNNER_49" name="Convert to win-64" type="ssh-exec-runner">
        <parameters>
          <param name="jetbrains.buildServer.deployer.targetUrl" value="bastion.desy.de" />
          <param name="jetbrains.buildServer.deployer.username" value="cbehrens" />
          <param name="jetbrains.buildServer.sshexec.authMethod" value="PWD" />
          <param name="jetbrains.buildServer.sshexec.command"><![CDATA[cd /afs/desy.de/user/w/wwwuser/www/flashconda/
~/miniconda3/bin/conda-convert  linux-64/beamtimedaqaccess*py37_%build.number%.tar.bz2 -p win-64]]></param>
          <param name="secure:jetbrains.buildServer.deployer.password" value="zxx4e97c6b34999091379fc63cb306c4410" />
          <param name="teamcity.step.mode" value="default" />
        </parameters>
      </runner>
    </build-runners>
    <vcs-settings />
    <requirements />
    <build-triggers>
      <build-trigger id="TRIGGER_17" type="buildDependencyTrigger">
        <parameters>
          <param name="branchFilter" value="+:&lt;default&gt;" />
          <param name="dependsOn" value="BeamtimeDaqAccess_BuildDockerImage_CommonBaseImage" />
        </parameters>
      </build-trigger>
    </build-triggers>
    <dependencies>
      <depend-on sourceBuildTypeId="BeamtimeDaqAccess_UploadPackages_Python27">
        <options>
          <option name="take-started-build-with-same-revisions" value="true" />
          <option name="take-successful-builds-only" value="true" />
        </options>
      </depend-on>
      <depend-on sourceBuildTypeId="BeamtimeDaqAccess_UploadPackages_Python35">
        <options>
          <option name="take-started-build-with-same-revisions" value="true" />
          <option name="take-successful-builds-only" value="true" />
        </options>
      </depend-on>
      <depend-on sourceBuildTypeId="BeamtimeDaqAccess_UploadPackages_Python36">
        <options>
          <option name="take-started-build-with-same-revisions" value="true" />
          <option name="take-successful-builds-only" value="true" />
        </options>
      </depend-on>
      <depend-on sourceBuildTypeId="BeamtimeDaqAccess_UploadPackages_Python37">
        <options>
          <option name="take-started-build-with-same-revisions" value="true" />
          <option name="take-successful-builds-only" value="true" />
        </options>
      </depend-on>
    </dependencies>
    <cleanup />
  </settings>
</build-type>

