<?xml version="1.0" encoding="UTF-8"?>
<build-type xmlns:xsi="http://www.w3.org/2001/XMLSchema-instance" uuid="e824edd1-264d-4094-bbb7-589362d0e21b" xsi:noNamespaceSchemaLocation="http://www.jetbrains.com/teamcity/schemas/2018.1/project-config.xsd">
  <name>Python 2.7</name>
  <description />
  <settings>
    <options>
      <option name="buildNumberPattern" value="%dep.Pydoocs_Pydoocslib_BuildDockerImage_CommonBaseImage.build.number%" />
    </options>
    <parameters />
    <build-runners>
      <runner id="RUNNER_17" name="Run testsuite" type="simpleRunner">
        <parameters>
          <param name="script.content"><![CDATA[docker run --rm -v $PWD/build:/workdir/build image_pydoocs \
"
cd build &&
source activate python27 &&
python -m teamcity.unittestpy discover -s ../tests -p "*_test.py"
"]]></param>
          <param name="teamcity.step.mode" value="default" />
          <param name="use.custom.script" value="true" />
        </parameters>
      </runner>
    </build-runners>
    <vcs-settings />
    <requirements />
    <build-triggers>
      <build-trigger id="TRIGGER_23" type="buildDependencyTrigger">
        <parameters>
          <param name="branchFilter" value="+:&lt;default&gt;" />
          <param name="dependsOn" value="Pydoocs_Pydoocslib_BuildDockerImage_CommonBaseImage" />
        </parameters>
      </build-trigger>
    </build-triggers>
    <artifact-dependencies>
      <dependency id="ARTIFACT_DEPENDENCY_8" sourceBuildTypeId="Pydoocs_Pydoocslib_BuildPydoocslib_Python27" cleanDestination="true">
        <revisionRule name="lastSuccessful" revision="latest.lastSuccessful" />
        <artifact sourcePath="build =&gt; build" />
      </dependency>
    </artifact-dependencies>
    <dependencies>
      <depend-on sourceBuildTypeId="Pydoocs_Pydoocslib_BuildPydoocslib_Python27">
        <options>
          <option name="take-started-build-with-same-revisions" value="true" />
          <option name="take-successful-builds-only" value="true" />
        </options>
      </depend-on>
      <depend-on sourceBuildTypeId="Pydoocs_Pydoocslib_BuildPydoocslib_Python35">
        <options>
          <option name="take-started-build-with-same-revisions" value="true" />
          <option name="take-successful-builds-only" value="true" />
        </options>
      </depend-on>
      <depend-on sourceBuildTypeId="Pydoocs_Pydoocslib_BuildPydoocslib_Python36">
        <options>
          <option name="take-started-build-with-same-revisions" value="true" />
          <option name="take-successful-builds-only" value="true" />
        </options>
      </depend-on>
      <depend-on sourceBuildTypeId="Pydoocs_Pydoocslib_BuildPydoocslib_Python37_2">
        <options>
          <option name="take-started-build-with-same-revisions" value="true" />
          <option name="take-successful-builds-only" value="true" />
        </options>
      </depend-on>
    </dependencies>
    <cleanup />
  </settings>
</build-type>

