<?xml version="1.0" encoding="UTF-8"?>
<build-type xmlns:xsi="http://www.w3.org/2001/XMLSchema-instance" uuid="cd22634c-7799-4d7d-9c40-39fe4dbc96c3" xsi:noNamespaceSchemaLocation="http://www.jetbrains.com/teamcity/schemas/2018.1/project-config.xsd">
  <name>Common base image</name>
  <description />
  <settings>
    <parameters />
    <build-runners>
      <runner id="RUNNER_2" name="Build docker image" type="DockerCommand">
        <parameters>
          <param name="command.args" value="--pull" />
          <param name="docker.command.type" value="build" />
          <param name="docker.image.namesAndTags" value="image_pydoocs_macos" />
          <param name="docker.push.remove.image" value="true" />
          <param name="dockerfile.path" value="Dockerfile" />
          <param name="dockerfile.source" value="PATH" />
          <param name="teamcity.step.mode" value="default" />
        </parameters>
      </runner>
    </build-runners>
    <vcs-settings>
      <vcs-entry-ref root-id="Pydoocs_Pydoocslib_HttpsGithubComChrisbpointPydoocsRefsHeadsMaster" />
    </vcs-settings>
    <requirements />
    <build-triggers>
      <build-trigger id="vcsTrigger" type="vcsTrigger">
        <parameters>
          <param name="branchFilter" value="+:*" />
          <param name="enableQueueOptimization" value="true" />
          <param name="quietPeriodMode" value="DO_NOT_USE" />
        </parameters>
      </build-trigger>
    </build-triggers>
    <cleanup />
  </settings>
</build-type>

