<?xml version="1.0" encoding="UTF-8"?>
<build-type xmlns:xsi="http://www.w3.org/2001/XMLSchema-instance" uuid="9ceadaeb-572d-47ed-9d56-d8cdb1b21831" xsi:noNamespaceSchemaLocation="http://www.jetbrains.com/teamcity/schemas/2018.1/project-config.xsd">
  <name>Python 2.7</name>
  <description />
  <settings>
    <options>
      <option name="buildNumberPattern" value="%dep.Pydoocs_Pydoocslib_Linux_BuildDockerImage_CommonBaseImage.build.number%" />
    </options>
    <parameters />
    <build-runners>
      <runner id="RUNNER_40" name="Upload package to repository" type="ssh-deploy-runner">
        <parameters>
          <param name="jetbrains.buildServer.deployer.sourcePath" value="pydoocs*py27_%build.number%.tar.bz2" />
          <param name="jetbrains.buildServer.deployer.ssh.transport" value="jetbrains.buildServer.deployer.ssh.transport.scp" />
          <param name="jetbrains.buildServer.deployer.targetUrl" value="doocspkgs.desy.de:/var/www/html/pub/doocsconda/linux-64/" />
          <param name="jetbrains.buildServer.deployer.username" value="cbehrens" />
          <param name="jetbrains.buildServer.sshexec.authMethod" value="PWD" />
          <param name="secure:jetbrains.buildServer.deployer.password" value="zxx4e97c6b34999091379fc63cb306c4410" />
          <param name="teamcity.step.mode" value="default" />
        </parameters>
      </runner>
    </build-runners>
    <vcs-settings />
    <requirements />
    <build-triggers>
      <build-trigger id="TRIGGER_34" type="buildDependencyTrigger">
        <parameters>
          <param name="branchFilter" value="+:&lt;default&gt;" />
          <param name="dependsOn" value="Pydoocs_Pydoocslib_Linux_BuildDockerImage_CommonBaseImage" />
        </parameters>
      </build-trigger>
    </build-triggers>
    <artifact-dependencies>
      <dependency id="ARTIFACT_DEPENDENCY_19" sourceBuildTypeId="Pydoocs_Pydoocslib_Linux_CreateCondaPackages_Python27" cleanDestination="true">
        <revisionRule name="sameChainOrLastFinished" revision="latest.sameChainOrLastFinished" />
        <artifact sourcePath="packages" />
      </dependency>
    </artifact-dependencies>
    <dependencies>
      <depend-on sourceBuildTypeId="Pydoocs_Pydoocslib_Linux_CreateCondaPackages_Python27">
        <options>
          <option name="take-started-build-with-same-revisions" value="true" />
          <option name="take-successful-builds-only" value="true" />
        </options>
      </depend-on>
      <depend-on sourceBuildTypeId="Pydoocs_Pydoocslib_Linux_CreateCondaPackages_Python35">
        <options>
          <option name="take-started-build-with-same-revisions" value="true" />
          <option name="take-successful-builds-only" value="true" />
        </options>
      </depend-on>
      <depend-on sourceBuildTypeId="Pydoocs_Pydoocslib_Linux_CreateCondaPackages_Python36">
        <options>
          <option name="take-started-build-with-same-revisions" value="true" />
          <option name="take-successful-builds-only" value="true" />
        </options>
      </depend-on>
      <depend-on sourceBuildTypeId="Pydoocs_Pydoocslib_Linux_CreateCondaPackages_Python37">
        <options>
          <option name="take-started-build-with-same-revisions" value="true" />
          <option name="take-successful-builds-only" value="true" />
        </options>
      </depend-on>
    </dependencies>
    <cleanup />
  </settings>
</build-type>

