<?xml version="1.0" encoding="UTF-8"?>
<build-type xmlns:xsi="http://www.w3.org/2001/XMLSchema-instance" uuid="ce60eb77-916a-427a-9752-ae183f13e7e3" xsi:noNamespaceSchemaLocation="http://www.jetbrains.com/teamcity/schemas/2018.1/project-config.xsd">
  <name>Python 2.7</name>
  <description />
  <settings>
    <options>
      <option name="buildNumberPattern" value="%dep.Pydoocs_Pydoocslib_Linux_BuildDockerImage_CommonBaseImage.build.number%" />
    </options>
    <parameters />
    <build-runners>
      <runner id="RUNNER_13" name="Run testsuite for installation" type="simpleRunner">
        <parameters>
          <param name="script.content"><![CDATA[mkdir -p dummy && cd dummy
source activate python27
if [ $CONDA_PROMPT_MODIFIER != "(python27)" ]; then exit 1; fi
conda install pydoocs
python -m teamcity.unittestpy discover -s ../tests -p "*_test.py"]]></param>
          <param name="teamcity.step.mode" value="default" />
          <param name="use.custom.script" value="true" />
        </parameters>
      </runner>
    </build-runners>
    <vcs-settings>
      <vcs-entry-ref root-id="Pydoocs_Pydoocslib_HttpsGithubComChrisbpointPydoocsRefsHeadsMaster" />
    </vcs-settings>
    <requirements />
    <build-triggers>
      <build-trigger id="TRIGGER_53" type="buildDependencyTrigger">
        <parameters>
          <param name="branchFilter" value="+:&lt;default&gt;" />
          <param name="dependsOn" value="Pydoocs_Pydoocslib_MacOS_BuildSetup_CommonBaseSetup" />
        </parameters>
      </build-trigger>
    </build-triggers>
    <dependencies>
      <depend-on sourceBuildTypeId="Pydoocs_Pydoocslib_MacOS_UpdateCondaRepository_UpdateRepository">
        <options>
          <option name="take-started-build-with-same-revisions" value="true" />
          <option name="take-successful-builds-only" value="true" />
        </options>
      </depend-on>
    </dependencies>
    <cleanup />
  </settings>
</build-type>

