<?xml version="1.0" encoding="UTF-8"?>
<project xmlns:xsi="http://www.w3.org/2001/XMLSchema-instance" parent-id="Pydoocs" uuid="20f2c22a-138f-428f-902f-0b7278eb57d2" xsi:noNamespaceSchemaLocation="http://www.jetbrains.com/teamcity/schemas/2018.1/project-config.xsd">
  <name>Clientlib</name>
  <parameters />
  <cleanup>
    <policy type="builds" cleanup-level="EVERYTHING">
      <parameters>
        <param name="keepBuilds.count" value="10" />
      </parameters>
    </policy>
  </cleanup>
</project>

