<?xml version="1.0" encoding="UTF-8"?>
<vcs-root xmlns:xsi="http://www.w3.org/2001/XMLSchema-instance" uuid="a19d853e-e922-44b9-bc63-9b890f1c74ca" type="jetbrains.git" xsi:noNamespaceSchemaLocation="http://www.jetbrains.com/teamcity/schemas/2018.1/project-config.xsd">
  <name>https://github.com/chrisbpoint/TeamCityProduction#refs/heads/master</name>
  <param name="agentCleanFilesPolicy" value="ALL_UNTRACKED" />
  <param name="agentCleanPolicy" value="ON_BRANCH_CHANGE" />
  <param name="authMethod" value="PASSWORD" />
  <param name="branch" value="refs/heads/master" />
  <param name="ignoreKnownHosts" value="true" />
  <param name="secure:password" value="zxxd55e35a3387c48c70707beda34d25410" />
  <param name="submoduleCheckout" value="CHECKOUT" />
  <param name="url" value="https://github.com/chrisbpoint/TeamCityProduction" />
  <param name="useAlternates" value="true" />
  <param name="username" value="chrisbpoint" />
  <param name="usernameStyle" value="USERID" />
</vcs-root>

