<?xml version="1.0" encoding="UTF-8"?>
<vcs-root xmlns:xsi="http://www.w3.org/2001/XMLSchema-instance" uuid="f3084f12-7c7f-457d-8ded-9c4a682b7914" type="jetbrains.git" xsi:noNamespaceSchemaLocation="http://www.jetbrains.com/teamcity/schemas/2018.1/project-config.xsd">
  <name>BeamtimeDaqAccess repo</name>
  <param name="agentCleanFilesPolicy" value="ALL_UNTRACKED" />
  <param name="agentCleanPolicy" value="ON_BRANCH_CHANGE" />
  <param name="authMethod" value="PASSWORD" />
  <param name="branch" value="refs/heads/master" />
  <param name="ignoreKnownHosts" value="true" />
  <param name="secure:password" value="zxx87afd977bd6bb27e386f94f3cbf33964" />
  <param name="submoduleCheckout" value="CHECKOUT" />
  <param name="url" value="https://cbehrens@stash.desy.de/scm/cs/pah.git" />
  <param name="useAlternates" value="true" />
  <param name="username" value="cbehrens" />
  <param name="usernameStyle" value="USERID" />
</vcs-root>

