<?xml version="1.0" encoding="UTF-8"?>
<build-type xmlns:xsi="http://www.w3.org/2001/XMLSchema-instance" uuid="05d90ff4-766a-4c0e-af84-90b48420526b" xsi:noNamespaceSchemaLocation="http://www.jetbrains.com/teamcity/schemas/2018.1/project-config.xsd">
  <name>Update repository</name>
  <description />
  <settings>
    <options>
      <option name="buildNumberPattern" value="%dep.Pydoocs_Pydoocslib_Linux_BuildDockerImage_CommonBaseImage.build.number%" />
    </options>
    <parameters />
    <build-runners>
      <runner id="RUNNER_12" name="Update doocsconda" type="ssh-exec-runner">
        <parameters>
          <param name="jetbrains.buildServer.deployer.targetUrl" value="doocspkgs.desy.de" />
          <param name="jetbrains.buildServer.deployer.username" value="cbehrens" />
          <param name="jetbrains.buildServer.sshexec.authMethod" value="PWD" />
          <param name="jetbrains.buildServer.sshexec.command" value="~/miniconda3/bin/conda-index /var/www/html/pub/doocsconda" />
          <param name="secure:jetbrains.buildServer.deployer.password" value="zxx4e97c6b34999091379fc63cb306c4410" />
          <param name="teamcity.step.mode" value="default" />
        </parameters>
      </runner>
    </build-runners>
    <vcs-settings />
    <requirements />
    <build-triggers>
      <build-trigger id="TRIGGER_52" type="buildDependencyTrigger">
        <parameters>
          <param name="branchFilter" value="+:&lt;default&gt;" />
          <param name="dependsOn" value="Pydoocs_Pydoocslib_MacOS_BuildSetup_CommonBaseSetup" />
        </parameters>
      </build-trigger>
    </build-triggers>
    <dependencies>
      <depend-on sourceBuildTypeId="Pydoocs_Pydoocslib_MacOS_UploadPackages_Python27">
        <options>
          <option name="take-started-build-with-same-revisions" value="true" />
          <option name="take-successful-builds-only" value="true" />
        </options>
      </depend-on>
      <depend-on sourceBuildTypeId="Pydoocs_Pydoocslib_MacOS_UploadPackages_Python35">
        <options>
          <option name="take-started-build-with-same-revisions" value="true" />
          <option name="take-successful-builds-only" value="true" />
        </options>
      </depend-on>
      <depend-on sourceBuildTypeId="Pydoocs_Pydoocslib_MacOS_UploadPackages_Python36">
        <options>
          <option name="take-started-build-with-same-revisions" value="true" />
          <option name="take-successful-builds-only" value="true" />
        </options>
      </depend-on>
      <depend-on sourceBuildTypeId="Pydoocs_Pydoocslib_MacOS_UploadPackages_Python37">
        <options>
          <option name="take-started-build-with-same-revisions" value="true" />
          <option name="take-successful-builds-only" value="true" />
        </options>
      </depend-on>
    </dependencies>
    <cleanup />
  </settings>
</build-type>

